model,surface,split,n,exact_match,best_val_em
qwen2.5-0.5b-instruct,A_fp16_zeroshot,test_synth,240,0.0,
qwen2.5-0.5b-instruct,A_fp16_zeroshot,test_golden,200,0.0,
qwen2.5-0.5b-instruct,A_fp16_zeroshot,test_ood,150,0.0,
qwen2.5-0.5b-instruct,A_fp16_finetuned,test_synth,240,0.954167,0.9125
qwen2.5-0.5b-instruct,A_fp16_finetuned,test_golden,200,0.935,0.9125
qwen2.5-0.5b-instruct,A_fp16_finetuned,test_ood,150,0.726667,0.9125
smollm2-360m-instruct,A_fp16_zeroshot,test_synth,240,0.0,
smollm2-360m-instruct,A_fp16_zeroshot,test_golden,200,0.0,
smollm2-360m-instruct,A_fp16_zeroshot,test_ood,150,0.0,
smollm2-360m-instruct,A_fp16_finetuned,test_synth,240,0.825,0.775
smollm2-360m-instruct,A_fp16_finetuned,test_golden,200,0.775,0.775
smollm2-360m-instruct,A_fp16_finetuned,test_ood,150,0.62,0.775
llama-3.2-1b-instruct,A_fp16_zeroshot,test_synth,240,0.0,
llama-3.2-1b-instruct,A_fp16_zeroshot,test_golden,200,0.0,
llama-3.2-1b-instruct,A_fp16_zeroshot,test_ood,150,0.0,
llama-3.2-1b-instruct,A_fp16_finetuned,test_synth,240,0.958333,0.9
llama-3.2-1b-instruct,A_fp16_finetuned,test_golden,200,0.925,0.9
llama-3.2-1b-instruct,A_fp16_finetuned,test_ood,150,0.733333,0.9
