experiment,shape,trial,seed,formation_accuracy,converged,convergence_seconds,collisions,clamp_activations,min_pair_distance,final_mean_error
4,circle,0,0,1.0,1,4.1,0,3,0.8,0.2909
4,circle,1,42,1.0,1,4.16,0,3,0.8,0.2909
4,circle,2,84,1.0,1,3.98,0,3,0.8,0.2909
4,circle,3,126,1.0,1,4.14,0,3,0.8,0.291
4,circle,4,168,1.0,1,4.04,0,1,0.8,0.2909
4,circle,5,210,1.0,1,3.92,0,2,0.8,0.2908
4,circle,6,252,1.0,1,4.06,0,6,0.8,0.2909
4,circle,7,294,1.0,1,4.08,0,3,0.8,0.2909
4,circle,8,336,1.0,1,4.32,0,6,0.8,0.2909
4,circle,9,378,1.0,1,3.96,0,1,0.8,0.2909
4,circle,10,420,1.0,1,4.16,0,2,0.8,0.2909
4,circle,11,462,1.0,1,4.02,0,4,0.8,0.2909
4,circle,12,504,1.0,1,4.02,0,6,0.8,0.2909
4,circle,13,546,1.0,1,4.16,0,5,0.8,0.2909
4,circle,14,588,1.0,1,3.98,0,0,0.894,0.2909
4,circle,15,630,1.0,1,4.02,0,2,0.8,0.2909
4,circle,16,672,1.0,1,4.04,0,2,0.8,0.2909
4,circle,17,714,1.0,1,4.0,0,2,0.8,0.2909
4,circle,18,756,1.0,1,4.06,0,6,0.8,0.2909
4,circle,19,798,1.0,1,4.2,0,4,0.8,0.2908
4,circle,20,840,1.0,1,4.08,0,3,0.8,0.291
4,circle,21,882,1.0,1,4.06,0,2,0.8,0.2909
4,circle,22,924,1.0,1,4.14,0,1,0.8,0.2909
4,circle,23,966,1.0,1,4.06,0,5,0.8,0.2909
4,circle,24,1008,1.0,1,4.02,0,0,0.8227,0.2909
4,circle,25,1050,1.0,1,4.2,0,14,0.8,0.2909
4,circle,26,1092,1.0,1,4.08,0,2,0.8,0.2909
4,circle,27,1134,1.0,1,4.0,0,2,0.8,0.2909
4,circle,28,1176,1.0,1,4.06,0,4,0.8,0.2909
4,circle,29,1218,1.0,1,4.02,0,2,0.8,0.2909
4,circle,30,1260,1.0,1,3.96,0,2,0.8,0.2909
4,circle,31,1302,1.0,1,4.04,0,2,0.8,0.2909
4,circle,32,1344,1.0,1,3.98,0,2,0.8,0.2909
4,circle,33,1386,1.0,1,3.96,0,2,0.8,0.2908
4,circle,34,1428,1.0,1,4.04,0,4,0.8,0.2909
4,circle,35,1470,1.0,1,4.0,0,1,0.8,0.2909
4,circle,36,1512,1.0,1,3.96,0,2,0.8,0.2909
4,circle,37,1554,1.0,1,3.92,0,2,0.8,0.2909
4,circle,38,1596,1.0,1,4.1,0,2,0.8,0.2909
4,circle,39,1638,1.0,1,4.12,0,2,0.8,0.2909
4,circle,40,1680,1.0,1,4.08,0,3,0.8,0.2909
4,circle,41,1722,1.0,1,4.08,0,4,0.8,0.2909
4,circle,42,1764,1.0,1,4.08,0,2,0.8,0.2909
4,circle,43,1806,1.0,1,4.04,0,4,0.8,0.2909
4,circle,44,1848,1.0,1,4.08,0,3,0.8,0.2909
4,circle,45,1890,1.0,1,4.08,0,4,0.8,0.2909
4,circle,46,1932,1.0,1,4.04,0,2,0.8,0.2909
4,circle,47,1974,1.0,1,3.96,0,2,0.8,0.2909
4,circle,48,2016,1.0,1,4.06,0,5,0.8,0.2909
4,circle,49,2058,1.0,1,4.06,0,1,0.8,0.291
4,line,0,0,1.0,1,3.4,0,3,0.8,0.1332
4,line,1,42,1.0,1,3.14,0,3,0.8,0.1317
4,line,2,84,1.0,1,3.3,0,3,0.8,0.1331
4,line,3,126,1.0,1,3.32,0,3,0.8,0.132
4,line,4,168,1.0,1,3.26,0,1,0.8,0.1327
4,line,5,210,1.0,1,3.14,0,2,0.8,0.1322
4,line,6,252,1.0,1,3.26,0,6,0.8,0.1327
4,line,7,294,1.0,1,3.24,0,3,0.8,0.1322
4,line,8,336,1.0,1,3.3,0,6,0.8,0.1319
4,line,9,378,1.0,1,3.26,0,1,0.8,0.1326
4,line,10,420,1.0,1,3.18,0,2,0.8,0.133
4,line,11,462,1.0,1,3.36,0,4,0.8,0.1327
4,line,12,504,1.0,1,3.38,0,6,0.8,0.1329
4,line,13,546,1.0,1,3.22,0,5,0.8,0.1331
4,line,14,588,1.0,1,3.06,0,0,0.8943,0.1325
4,line,15,630,1.0,1,3.36,0,2,0.8,0.1337
4,line,16,672,1.0,1,3.36,0,2,0.8,0.1323
4,line,17,714,1.0,1,3.28,0,2,0.8,0.1331
4,line,18,756,1.0,1,3.34,0,6,0.8,0.1326
4,line,19,798,1.0,1,3.12,0,4,0.8,0.131
4,line,20,840,1.0,1,3.4,0,3,0.8,0.1332
4,line,21,882,1.0,1,3.32,0,2,0.8,0.1313
4,line,22,924,1.0,1,3.16,0,1,0.8,0.1323
4,line,23,966,1.0,1,3.26,0,5,0.8,0.1329
4,line,24,1008,1.0,1,3.24,0,0,0.8236,0.1331
4,line,25,1050,1.0,1,3.34,0,5,0.8,0.133
4,line,26,1092,1.0,1,3.3,0,2,0.8,0.1325
4,line,27,1134,1.0,1,3.16,0,2,0.8,0.1332
4,line,28,1176,1.0,1,3.26,0,4,0.8,0.1332
4,line,29,1218,1.0,1,3.26,0,2,0.8,0.1317
4,line,30,1260,1.0,1,3.2,0,2,0.8,0.1326
4,line,31,1302,1.0,1,3.28,0,2,0.8,0.1314
4,line,32,1344,1.0,1,3.26,0,2,0.8,0.1327
4,line,33,1386,1.0,1,3.22,0,2,0.8,0.1322
4,line,34,1428,1.0,1,3.32,0,4,0.8,0.1325
4,line,35,1470,1.0,1,3.26,0,1,0.8,0.1321
4,line,36,1512,1.0,1,3.28,0,2,0.8,0.1327
4,line,37,1554,1.0,1,3.32,0,2,0.8,0.1326
4,line,38,1596,1.0,1,3.2,0,2,0.8,0.1326
4,line,39,1638,1.0,1,3.14,0,2,0.8,0.1327
4,line,40,1680,1.0,1,3.3,0,3,0.8,0.1328
4,line,41,1722,1.0,1,3.38,0,4,0.8,0.1333
4,line,42,1764,1.0,1,3.08,0,2,0.8,0.133
4,line,43,1806,1.0,1,3.38,0,4,0.8,0.1327
4,line,44,1848,1.0,1,3.3,0,3,0.8,0.1326
4,line,45,1890,1.0,1,3.38,0,4,0.8,0.132
4,line,46,1932,1.0,1,3.08,0,2,0.8,0.1324
4,line,47,1974,1.0,1,3.08,0,2,0.8,0.1326
4,line,48,2016,1.0,1,3.26,0,5,0.8,0.1321
4,line,49,2058,1.0,1,3.32,0,1,0.8,0.1326
4,wedge,0,0,1.0,1,2.28,0,3,0.8,0.0721
4,wedge,1,42,1.0,1,2.4,0,3,0.8,0.0722
4,wedge,2,84,1.0,1,2.34,0,3,0.8,0.0718
4,wedge,3,126,1.0,1,2.42,0,3,0.8,0.072
4,wedge,4,168,1.0,1,2.38,0,1,0.8,0.072
4,wedge,5,210,1.0,1,1.94,0,2,0.8,0.0718
4,wedge,6,252,1.0,1,2.32,0,6,0.8,0.0721
4,wedge,7,294,1.0,1,2.26,0,3,0.8,0.0722
4,wedge,8,336,1.0,1,2.36,0,6,0.8,0.072
4,wedge,9,378,1.0,1,2.26,0,1,0.8,0.0718
4,wedge,10,420,1.0,1,2.34,0,2,0.8,0.0722
4,wedge,11,462,1.0,1,2.28,0,4,0.8,0.0722
4,wedge,12,504,1.0,1,2.44,0,6,0.8,0.0718
4,wedge,13,546,1.0,1,2.36,0,5,0.8,0.0723
4,wedge,14,588,1.0,1,2.38,0,0,0.8946,0.0719
4,wedge,15,630,1.0,1,2.06,0,2,0.8,0.0722
4,wedge,16,672,1.0,1,2.38,0,2,0.8,0.0724
4,wedge,17,714,1.0,1,2.3,0,2,0.8,0.0723
4,wedge,18,756,1.0,1,2.26,0,6,0.8,0.0723
4,wedge,19,798,1.0,1,2.02,0,4,0.8,0.0719
4,wedge,20,840,1.0,1,2.4,0,3,0.8,0.0727
4,wedge,21,882,1.0,1,2.36,0,2,0.8,0.0722
4,wedge,22,924,1.0,1,2.12,0,1,0.8,0.0718
4,wedge,23,966,1.0,1,2.22,0,5,0.8,0.0722
4,wedge,24,1008,1.0,1,2.44,0,0,0.8237,0.072
4,wedge,25,1050,1.0,1,2.56,0,5,0.8,0.0725
4,wedge,26,1092,1.0,1,2.46,0,2,0.8,0.0723
4,wedge,27,1134,1.0,1,2.16,0,2,0.8,0.0723
4,wedge,28,1176,1.0,1,2.54,0,4,0.8,0.072
4,wedge,29,1218,1.0,1,2.36,0,2,0.8,0.072
4,wedge,30,1260,1.0,1,2.52,0,2,0.8,0.0718
4,wedge,31,1302,1.0,1,2.2,0,2,0.8,0.0722
4,wedge,32,1344,1.0,1,2.24,0,2,0.8,0.0721
4,wedge,33,1386,1.0,1,2.26,0,2,0.8,0.0718
4,wedge,34,1428,1.0,1,2.26,0,4,0.8,0.0723
4,wedge,35,1470,1.0,1,2.32,0,1,0.8,0.0721
4,wedge,36,1512,1.0,1,2.14,0,2,0.8,0.0719
4,wedge,37,1554,1.0,1,2.28,0,2,0.8,0.0718
4,wedge,38,1596,1.0,1,2.16,0,2,0.8,0.0725
4,wedge,39,1638,1.0,1,2.14,0,2,0.8,0.072
4,wedge,40,1680,1.0,1,2.12,0,3,0.8,0.0722
4,wedge,41,1722,1.0,1,2.2,0,4,0.8,0.0727
4,wedge,42,1764,1.0,1,2.16,0,2,0.8,0.0721
4,wedge,43,1806,1.0,1,2.48,0,4,0.8,0.0723
4,wedge,44,1848,1.0,1,2.3,0,3,0.8,0.0723
4,wedge,45,1890,1.0,1,2.52,0,4,0.8,0.072
4,wedge,46,1932,1.0,1,2.18,0,2,0.8,0.0722
4,wedge,47,1974,1.0,1,2.28,0,2,0.8,0.0718
4,wedge,48,2016,1.0,1,2.5,0,5,0.8,0.0724
4,wedge,49,2058,1.0,1,2.36,0,1,0.8,0.0724
