model,quant,split,n,errors,safe_failures,safe_failure_rate,safe_model_unknown,safe_model_hover,safe_validator_fallback,volunteered_unknown,false_command_rate
llama-3.2-1b-instruct,Q4_K_M,test_synth,240,10,0,0.0,0,0,0,0,
llama-3.2-1b-instruct,Q4_K_M,test_golden,200,18,0,0.0,0,0,0,0,
llama-3.2-1b-instruct,Q4_K_M,test_ood,150,28,3,0.10714285714285714,0,3,0,0,0.18666666666666668
llama-3.2-1b-instruct,Q8_0,test_synth,240,9,0,0.0,0,0,0,0,
llama-3.2-1b-instruct,Q8_0,test_golden,200,17,0,0.0,0,0,0,0,
llama-3.2-1b-instruct,Q8_0,test_ood,150,30,3,0.1,0,3,0,0,0.2
qwen2.5-0.5b-instruct,Q4_K_M,test_synth,240,11,0,0.0,0,0,0,0,
qwen2.5-0.5b-instruct,Q4_K_M,test_golden,200,13,0,0.0,0,0,0,0,
qwen2.5-0.5b-instruct,Q4_K_M,test_ood,150,38,6,0.15789473684210525,0,6,0,0,0.25333333333333335
qwen2.5-0.5b-instruct,Q8_0,test_synth,240,10,0,0.0,0,0,0,0,
qwen2.5-0.5b-instruct,Q8_0,test_golden,200,14,0,0.0,0,0,0,0,
qwen2.5-0.5b-instruct,Q8_0,test_ood,150,40,6,0.15,0,6,0,0,0.26666666666666666
smollm2-360m-instruct,Q4_K_M,test_synth,240,45,1,0.022222222222222223,0,0,1,0,
smollm2-360m-instruct,Q4_K_M,test_golden,200,48,2,0.041666666666666664,1,1,0,1,
smollm2-360m-instruct,Q4_K_M,test_ood,150,51,3,0.058823529411764705,0,2,1,0,0.34
smollm2-360m-instruct,Q8_0,test_synth,240,45,0,0.0,0,0,0,0,
smollm2-360m-instruct,Q8_0,test_golden,200,42,0,0.0,0,0,0,0,
smollm2-360m-instruct,Q8_0,test_ood,150,59,4,0.06779661016949153,0,3,1,0,0.3933333333333333
