model,quant,grammar,split,n,exact_match,intent_macro_f1,slot_micro_f1,safe_failure_rate,schema_validity,false_command_rate
llama-3.2-1b-instruct,Q4_K_M,off,test_synth,240,0.9583333333333334,0.9911982025803164,0.9750328515111696,0.0,1.0,
llama-3.2-1b-instruct,Q4_K_M,off,test_golden,200,0.91,0.9962251432423322,0.9450222882615156,0.0,1.0,
llama-3.2-1b-instruct,Q4_K_M,off,test_ood,150,0.8066666666666666,0.8929889298892989,0.0,0.1724137931034483,0.9933333333333333,0.19333333333333333
llama-3.2-1b-instruct,Q8_0,off,test_synth,240,0.9625,0.9911982025803164,0.9776609724047307,0.0,1.0,
llama-3.2-1b-instruct,Q8_0,off,test_golden,200,0.915,0.9962251432423322,0.9479940564635958,0.0,1.0,
llama-3.2-1b-instruct,Q8_0,off,test_ood,150,0.8,0.888888888888889,0.0,0.13333333333333333,1.0,0.2
qwen2.5-0.5b-instruct,Q4_K_M,off,test_synth,240,0.95,0.9792489353464964,0.9763779527559056,0.08333333333333333,1.0,
qwen2.5-0.5b-instruct,Q4_K_M,off,test_golden,200,0.935,1.0,0.9613095238095238,0.0,1.0,
qwen2.5-0.5b-instruct,Q4_K_M,off,test_ood,150,0.74,0.8505747126436781,0.0,0.23076923076923078,1.0,0.26
qwen2.5-0.5b-instruct,Q8_0,off,test_synth,240,0.9541666666666667,0.9846909627397432,0.9763779527559056,0.09090909090909091,1.0,
qwen2.5-0.5b-instruct,Q8_0,off,test_golden,200,0.93,1.0,0.9583333333333334,0.0,1.0,
qwen2.5-0.5b-instruct,Q8_0,off,test_ood,150,0.7266666666666667,0.8416988416988418,0.0,0.1951219512195122,1.0,0.2733333333333333
smollm2-360m-instruct,Q4_K_M,off,test_synth,240,0.8083333333333333,0.9598741546525386,0.8767833981841765,0.13043478260869565,1.0,
smollm2-360m-instruct,Q4_K_M,off,test_golden,200,0.76,0.9431880548019421,0.8503703703703703,0.125,1.0,
smollm2-360m-instruct,Q4_K_M,off,test_ood,150,0.66,0.7951807228915663,0.0,0.11764705882352941,1.0,0.34
smollm2-360m-instruct,Q8_0,off,test_synth,240,0.8125,0.9760538689507452,0.8834196891191711,0.022222222222222223,1.0,
smollm2-360m-instruct,Q8_0,off,test_golden,200,0.79,0.9595455934068603,0.8726207906295754,0.11904761904761904,1.0,
smollm2-360m-instruct,Q8_0,off,test_ood,150,0.6066666666666667,0.7551867219917012,0.0,0.13559322033898305,1.0,0.3933333333333333
